<br>,
HourAhead,
Alias:,
Start,
database.,
</tr>,
<tr>,
Thread-Index:,
content-class:,
Schedule,
<font,
Exchange,
Produced,
<td,
Thread-Topic:,
X-MimeOLE:,
Enron,
Sent:,
ESMTP,
<br><br>,
Final,
RE:,
<TD,
This,
Power,
text/html;,
text/plain;,
Cc:,
Normal,
email,
MIME-Version:,
7bit,
please,
Outlook,
quoted-printable,
yes,
You,
Gas,
closed,
Error:,
schedules,
Energy,
Internet,
Cannot,
new,
ancillary,
Adobe,
Mail,
information,
Please,
more,
database,
perform,
Message-ID:,
<<<>>>,
November,
Service,
message,
8bit,
know,
operation,
New,
out,
(PST),
border=3D"0",
need,
Express,
<TR>,
<td><a,
HTML,
e-mail,
January,
Report,
Day,
one,
John",
click,
face=3DArial,
<table,
<meta,
Thanks,
<DIV><FONT,
gas,
report,
<head>,
company,
statements,
here,
FW:,
contact,
Technologies,
SMTPRS,
(Content,
(unverified),
Wednesday,
Monday,
All,
</table>,
Your,
7Bit,
Click,
intended,
want,
link,
</td>,
Mark,
call,
schedule,
send,
John,
list,
see,
time,
per,
</TR>,
use,
(E-mail)",
October,
THE,
<img,
following,
For,
now,
Inc.,
sent,
Corp.,
Tuesday,
shape=3D"rect",
receive,
deal,
December,
Friday,
last,
<META,
energy,
Professional,
over,
offer,
download,
Soft,
GMT,
FINAL,
mail,
Tabs,
through,
----,
Windows,
service,
business,
next,
Mike,
within,
address,
<li>,
border="0"></a></td>,
0px;,
FREE,
<p>,
free,
<area,
Thursday,
recipient,
market,
Office,
David",
<body>,
online,
you.,
Regular:,
March,
<DIV></DIV>&gt;,
Sale:,
</font>,
contract,
Thank,
available,
Here,
(Postfix),
Texas,
make,
find,
(or,
very,
transaction,
Content-Type:,
DISC0UNT,
(EST),
site,
Services,
work,
border="0",
don't,
-->,
<DIV,
take,
power,
-----,
below,
user,
Server,
Kevin,
Importance:,
reply,
Houston,
software,
West,
prices,
already,
found,
looking,
help,
today,
UBS,
name,
money,
FERC,
Stacey,
<!--,
future,
number,
Any,
Chris,
required.,
<TABLE,
week,
progress.,
Get,
being,
AND,
back,
URL,
good,
Marketing,
<b>Only,
System,
via,
meeting,
best,
intervention,
before,
account,
price,
"-//W3C//DTD,
haas.berkeley.edu,
two,
<!DOCTYPE,
<TD>,
<P>,
receiving,
size="1",
Free,
Expense,
<div,
visit,
Richard",
forward,
Our,
FOR,
Mike",
Failure,
under,
check,
Jr.,
hours,
going,
PUBLIC,
using,
Load,
day,
system,
charset=us-ascii,
Times,
And,
change,
set,
Amount,
Wysak,
group,
way,
great,
Time,
Position,
Agreement,
Full,
questions,
Version,
subject,
access,
Market,
review,
Company,
unsubscribe,
What,
think,
Maggi,
Phone:,
David,
material,
attached,
Re:,
I'm,
href=3D"http://=,
James,
February,
sure,
border=3D"0"></a></td>,
many,
order,
much,
THIS,
investment,
Transitional//EN">,
<TD><FONT,
right,
Daily,
Attached,
conference,
trading,
Smith,
Louise,
Price,
Michelle,
4.0,
still,
received,
How,
schedule.,
http-equiv="Content-Type",
<center>,
office,
give,
pay,
Messaging,
May,
Dear,
people,
products,
W.",
See,
between,
during,
include,
</b><br>,
Sans,
Meeting,
<BR>,
industry,
Center,
until,
Name:,
those,
to:,
continue,
Content-type:,
such,
changed,
Mark",
made,
Call,
job,
same,
(Including:,
days,
1.0,
web,
Details:,
North,
Business,
MKT_TYPE:,
TRANS_TYPE:,
size="2",
well,
Order,
Nelson,
Content-Disposition:,
even,
(from,
part,
product,
credit,
Just,
Approval,
America,
Jeff,
first,
ISO,
each,
Christopher,
SC_ID:,
TRANS_DATE:,
without,
Request,
charset="utf-8",
Hello,
travel,
sender,
website,
(built,
wish,
high,
"Keiser,
both,
SMTP;,
based,
provide,
Online,
Message,
YOUR,
another,
Trading,
Conference,
it.,
ERV,
Notification:,
(HELO,
Variances,
M.",
Generic,
including,
issues,
Regards,
Viagra,
<DIV>&nbsp;</DIV>,
<FONT,
Best,
love,
Email:,
version,
process,
flavor,
Credit,
year,
promotional,
expense,
request,
cellspacing=3D"0",
companies,
resume,
changes,
interest,
few,
Risk,
CAISO,
Can,
Paul,
oil,
They,
look,
copy,
<IMG,
further,
HotFix,
York,
Michael",
MSN,
(IST),
Status,
million,
Visit,
Management,
Michael,
<tr><td,
Steve,
***,
feel,
Content-Class:,
A.",
view,
One,
meds,
face="times,
roman"><b><a,
DayAhead,
Original,
complete,
come,
Word,
home,
Monthly,
anything,
Direct,
Group,
start,
against,
sell,
deals,
Project,
here:,
Robert,
p.m.,
Photoshop,
soon,
news,
Electric,
update,
Fax:,
anyone,
Steve",
These,
With,
iPayit,
little,
Bill,
financial,
<TD><A,
phone,
ENA,
Save,
Helvetica,
working,
California,
It's,
better,
face=Verdana,
Chris",
Robert",
face="Verdana",
cellpadding=3D"0",
performance,
valid,
YOU,
</center>,
full,
form,
license,
pickup,
Download,
SMTPSVC;,
Lisa",
low,
United,
again,
April,
X-AntiAbuse:,
</div>,
abuse,
party,
basis,
Elizabeth,
<TD></TD>,
Java,
Dave,
Contact,
data,
Master,
risk,
Mobile:,
face="MS,
AOL,
increase,
regarding,
Stop,
services,
6.1,
\(E-mail\)'",
Paul",
Web,
Serif,
<HTML>,
around,
EAS,
<map,
Macromedia,
team,
<td><img,
you'll,
"Postlethwaite,
Have,
special,
Joe,
align="center"><font,
"Miller,
Due,
High,
(Sun,
end,
<v:f,
possible,
September,
Arial",
Analysis,
align="center">,
Now,
Act,
Outage,
put,
keep,
management,
Time:,
<TBODY>,
below:,
numbers,
rowSpan=3D2><A,
EES,
note,
Kitchen,
it!,
Richard,
needs,
wanted,
currently,
More,
<p><font,
Production,
prescription,
Are,
offers,
password,
at:,
stop,
cost,
Corel,
due,
today.,
Employee,
someone,
additional,
funds,
confidential,
details,
security,
</p>,
stock,
Mary,
status,
rate,
Its,
create,
provided,
I've,
and/or,
confirm,
newsletter,
Kimberly",
man,
Scott,
Constant,
night,
Updated,
</map>,
Verdana,
Securities,
past,
normal,
cellPadding=3D0,
quick,
fact,
Markets,
getting,
times,
stocks,
Information,
employees,
customers,
News,
left,
dozes),
top,
Fundamentals,
Mr.,
Gouranga,
<b>,
Samantha",
natural,
Arial,
(envelope-from,
current,
Suite,
cellSpacing=3D0,
Complete,
Heather",
International,
"Smith,
face="Times,
target=3D"_blank"><IMG,
target=3D"_blank">,
answer,
American,
thought,
Don't,
Preferred,
Jeffrey,
Yahoo!,
development,
Newsletter,
done,
issue,
amount,
(West,
three,
ready,
Termination,
Real,
believe,
open,
(and,
I'll,
easy,
save,
you're,
Natural,
results,
plan,
That,
removed,
less,
There,
Scott",
above,
Calger,
<tr,
multipart/mixed;,
preferred,
U.S.,
Canada,
Portland,
privacy,
meet,
real,
bring,
LINE-HEIGHT:,
life,
place,
States,
hope,
Status:,
Desk,
shipping,
<TR,
Frank",
List,
Enron's,
play,
share,
it's,
info,
discuss,
approved,
Release,
Check,
Hey,
Jeff",
ERCOT,
number.,
years,
Inline,
popular,
GEEC,
Individual,
program,
really,
Tim,
Pro,
0RDER</a><br>,
questions.,
thanks,
Explorer,
paid,
down,
purchase,
Comparison,
Fantasy,
others,
"Dunton,
locate,
Transwestern,
release,
FACE="Verdana",
Transmission,
distribution,
rates,
Tadalafil,
Elizabeth",
Eric",
unknown,
matches,
delivery,
interested,
ETS,
River,
0in,
Contract,
Let,
copies,
S.",
softwares,
line,
family,
used,
contents,
Section,
body,
(PDT),
support,
rowSpan=3D2><FONT,
BORDER="0",
cellspacing="0",
everyone,
state,
book,
Fares,
Customer,
Jim,
mailing,
time.,
Thanks.,
Unable,
show,
limited,
morning,
Wholesale,
volume,
Schwab,
</TD>,
European,
fares,
align=3D"center",
total,
long,
draft,
Affairs,
chance,
project,
talk,
different,
Jingle,
"Law,
try,
Brian,
Wireless,
Also,
case,
"Taylor,
Tim",
trade,
below.,
month,
major,
X-Authentication-Warning:,
Will,
Susan,
Total:,
President,
Financial,
registered,
Out,
choose,
can't,
world,
Deal,
Kim,
always,
medical,
published,
Cialis,
Street,
customer,
III,
Clair,
Legal,
assign,
longer,
###Cannot,
Interchange,
Revised_Preferred,
Schedule.,
physical,
scheduled,
starting,
message.,
Security,
0RDER,
(8.9.3/8.9.3),
X-Message-Info:,
quality,
NOTES:,
cellspacing=0,
listed,
position,
Sent,
(JST),
main,
old,
Epson,
Payment,
page,
tell,
size=5,
Update,
Northern,
friends,
miss,
When,
wife,
NOT,
Live,
Stephanie",
coming,
securities,
</b><br><br>,
San,
<i><b>NEW,
paste,
Manager,
Rick",
Corporation,
C1al1s,
face="Verdana,
file,
5.1,
VoIP,
bank,
Futures,
day.,
Trade,
Access,
requested,
face="Arial,
<td><div,
agreement,
table,
PRODUCT,
week.,
SCHEDULE,
confirmation,
something,
claim,
Williams,
Dan,
Lynn",
State,
technology,
border=3D0>,
cell,
"Blair,
World,
Brown,
Exhibit,
Larry,
response,
localhost,
Amy,
BPA,
value,
Special,
risks,
side,
medications,
<p><a,
yourself,
Hotel,
FROM,
Fran",
direct,
Dennis,
<b>T0DAY,
target=3D"_blank",
doing,
buy,
Need,
prior,
enter,
Estate,
legal,
delete,
viewing,
me.,
Good,
property,
Did,
City,
Wyoming,
a.m.,
directly,
Prices,
Steven,
First,
letter,
align=3Dleft><FONT,
File:,
Current,
X-Info:,
Dynegy,
mentioned,
align=3D"center"><a,
users,
approval,
Lisa,
ask,
never,
big,
you've,
expectations,
care,
marketmarks.xls,
required,
View,
(E-mail);,
=FFFFFFA2=FFFFFFC6,
>From:,
>To:,
nowrap,
Association,
ENRJ,
LOAD_ID:,
making,
subscribe,
research,
updated,
Western,
trial,
retail,
Rolex,
contain,
word,
personal,
style=3D"DISPLAY:,
Then,
application,
completed,
taking,
regards,
privileged,
August,
X-Adversend-Recipient:,
X-Adversend-Userid:,
hotwebcash,
Data,
Bell,
disclosure,
Tom",
certain,
Joe",
final,
Email,
computer,
Martin,
upon,
Generation,
>Subject:,
Outages.,
sex,
MARGIN-BOTTOM:,
style="MARGIN-TOP:,
course,
drugs,
prohibited.,
Americas,
Sincerely,
border=0>,
Julie,
nice,
Acrobat,
Money,
events,
edit,
small,
later,
terms,
ensure,
strictly,
person,
large,
relevant,
date,
read,
authorized,
told,
Resources,
Sunday,
NNG,
hard,
attachments,
members,
contracts,
minutes,
ImageReady,
User,
"Davis,
Offer,
_____,
Bill",
information.,
ECS,
clicking,
now!,
FYI,
</FONT><FONT,
effective,
Steven",
NGPL,
Phillip,
affiliate,
Premium,
Has,
revised,
Program,
marketing,
cellpadding="0",
cash,
experience,
Party,
face="Arial",
type,
once,
Karen,
added,
"Brown,
St.,
Buy,
subscription,
Watch,
invoice,
year.,
Take,
weeks,
holiday,
Same,
staff,
Illustrator,
allow,
express,
close,
But,
FIRM,
D.",
items,
blank,
thing,
Revised,
hear,
lot,
line.,
things,
(Normally,
Subscription,
today's,
second,
CLICK,
heard,
Simply,
NERC,
held,
sole,
Since,
</TABLE>,
penis,
location,
sale,
months,
point,
women,
several,
comments,
Wollam",
run,
Cash,
VEPCO,
East,
related,
attachment,
2.0,
sub,
won't,
MORE,
(Legal)",
Shipping,
local,
area,
markets,
Europe,
William,
active,
huge,
color=red>Special,
"John,
ENGY_TYPE:,
INTERCHG_ID:,
TIE_POINT:,
text,
Belden,
evidence,
Find,
After,
avoid,
Send,
Not,
card,
know.,
assistance,
advice.,
decided,
From,
shall,
return,
country,
Play,
sending,
Bob,
</a>,
Thomas,
document,
Francisco,
completed.,
vAlign=3Dbottom>,
USD,
advantage,
Price:,
daily,
Insurance,
Week,
pharmacy,
NEW,
Steffes,
face=Arial,
LLC,
Agent,
HAVE,
$4.2,
nothing,
report.,
key,
attend,
Dasovich,
differ,
Reliant,
rights,
border=0,
Studio,
log,
cellpadding=3D"0">,
add,
interests,
Options,
electric,
"Richter,
Commission,
fun,
#message,
Carr,
trying,
Las,
RTO,
mix,
opportunity,
offering,
live,
target=3D=,
Citizens,
cap,
storage,
Additional,
important,
Frank,
Approved,
Outsmart!,
entire,
shares,
provides,
Happy,
Scheduled,
went,
Gerald",
Notice,
Try,
L.",
<b><a,
Lee,
mind,
savings,
become,
game,
HotWebCash,
She,
<hr,
Investor,
begin,
Soma,
points,
WITH,
(Exim,
IntercontinentalExchange,
Review,
Only,
otherwise.,
meaning,
WILL,
Fwd:,
action,
Airways,
charge,
question,
talking,
includes,
Account,
(s).,
acceptance),
enforceable,
estoppel,
hereto),
recipient),
Press,
recent,
Davis,
J.",
http://www.an-an.be/ra,
Industry,
client,
Agenda,
<td>,
Basin,
opportunities,
Road,
transmission,
No.,
"Shapiro,
cellSpacing=0,
accept,
size=2,
Sellers,
Bridgeline,
guys,
cellspacing=3D0,
treatment,
possible.,
"Belden,
didn't,
inline,
<CENTER><A,
included,
friend,
inform,
comes,
James",
private,
Staff,
Miller,
search,
size=3D4></FONT></TD>,
Storage,
public,
</li>,
Flash,
Draft,
quickly,
General,
orders,
sold,
Jan.,
accounts,
Seating,
Committee,
Inc,
takes,
matter,
reason,
enjoy,
face=3D3Darial,
Jones,
names,
Key,
cellPadding=0,
width=3D"0",
size=3,
bottom,
<CENTER>,
third,
well.,
email.,
Many,
National,
waiting,
production,
various,
size="1">,
However,
6.0,
cut,
unsubscribe.,
E.",
Marie",
Randy",
documents,
simply,
Brad,
paper,
</HTML>,
<BR><BR><BR><BR>,
Partners,
Response,
Vegas,
Jim",
Pack,
Great,
understanding,
MESSAGE,
necessary,
SAP,
half,
you'd,
records,
Name,
Physical,
plans,
(for,
China,
alt=3D"",
advice,
Greg",
Follow,
market;,
Washington,
width=3D0><p><a,
width=3D0><tr><td,
"Heard,
expected,
growth,
stay,
relied,
fund,
We'll,
Team,
Nat,
Myoplex,
Job,
company.,
tickets,
Sager,
discount,
Green,
Priority,
Red,
PJM,
whether,
PLEASE,
taken,
result,
sum,
EnronOnline,
reports,
Gary",
out?,
Low,
list.,
About,
...,
you?,
Mac,
Merchant,
member,
effects,
Phone,
Ward,
Parks,
Thanksgiving,
EOL,
having,
away,
"Hanagriff,
Year,
remove,
safe,
Central,
identified,
Available,
now.,
"Sager,
Shackleton,
young,
sales,
girl,
program.,
margin-bottom:,
etc.,
July,
portfolio,
Petroleum,
Expenses,
electricity,
Questions,
Serialize,
testing,
Bank,
Tel:,
attention,
Powered,
desk,
Finance,
fill,
cause,
electronic,
wide,
participants,
Match,
John;,
Oil,
experts,
Lay,
playing,
thank,
projections,
costs,
month.,
Susan",
Learn,
plant,
Rick,
analysis,
error.,
"Parks,
begins,
Accounts,
border=3D=,
follow,
agree,
event,
goes,
Travelocity,
box,
supply,
called,
Software,
policy:,
international,
contained,
sites,
binding,
needed,
market.,
selected,
account.,
Fast,
Field,
uncertainties,
given,
Christmas,
Some,
arm,
individual,
laid,
Sie,
letters,
affiliates),
server,
HOURLY,
lower,
earn,
pick,
positions,
pretty,
running,
lasting,
them.,
border=3D"0"></a></TD>,
Rate,
doctors,
Dennis",
weekly,
Holiday,
Wollam,
Last,
programs,
sign,
Mexico,
Electronic,
write,
created,
four,
White,
files,
mailings,
font-size:,
Company's,
Well,
Wind,
enough,
problem,
Basin.,
target,
ends,
featured,
PST,
systems,
learn,
align="center",
policy,
health,
Jean",
notice,
Co.,
George,
medication,
MMBtu's,
select,
Groups,
join,
Alan",
kind,
submitted,
Philadelphia,
gift,
summary,
capacity,
Would,
Location,
signed,
company's,
factors,
e-mails,
Saturday,
Total,
firm,
monthly,
=ED=E0,
late,
payment,
regular,
size,
Rust,
align=center,
"DL-Enron,
automatically,
8.0/CS,
bgcolor="#FFFFFF">,
deposit,
profile,
wait,
ability,
SQL,
Sitara,
Premiere,
economic,
happy,
ALT=3D"",
age,
games,
bra,
asked,
face="Comic,
Stephanie,
online.,
investing,
period,
"Lee,
Course,
leading,
Paso,
error,
budget,
firms,
tomorrow,
leave,
watch,
assumptions,
benefit,
eBay,
cover,
Resolution,
us.,
existing,
Cell,
Jay,
discussion,
</style>,
latest,
brand,
Executive,
content,
representative,
started,
membership,
doesn't,
reserves,
means,
more.,
drive,
London,
plus,
require,
Edison,
remember,
Tammie,
you!,
Ambien,
minute,
tax,
writing,
Remember,
correct,
MAN,
Deals,
Digital,
Constantine",
Ken,
choice,
self,
Points,
highly,
Pacific,
Patches,
resident,
Florida,
Pipeline,
range,
government,
"Hall,
planning,
Tickets,
Discussion,
Distribution,
(fax),
wit,
Sara,
fare,
acts,
bulk,
(MST),
valign="top",
none">,
acy,
prices.,
site.,
Geaccone,
short,
successfully,
knowledge,
K.",
Weekly,
"Brian,
term,
revenue,
respond,
Log,
Global,
Halloween,
posted,
PGS,
responsible,
</font></p>,
AZPS,
N/A,
invoices,
FROM:,
Limited,
conditions,
Give,
vol,
parties,
(may,
forged)),
Des,
Spe,
reas,
ume,
xual,
und,
Reitmeyer,
Marie,
fax,
section,
Quick,
align=3Dcenter,
counterparties,
valign="top">,
present,
selling,
immediate,
Change,
verification,
---------,
reference,
est,
corporate,
Skipping,
<DIV>,
Purchase,
eHRonline,
Book,
Devil,
win,
Long,
Pricing,
professional,
Saf,
package,
meetings,
formula,
Kevin",
negative,
DASH,
oi|,
con,
Director,
Federal,
"Williams,
target=3D"_blank"><img,
Draw,
critical,
ire,
source,
launch,
publisher,
Mills,
Laurel,
NYMEX,
"Joe,
considered,
Expe,
ects,
ger,
l-kno,
lon,
nds.,
rien,
thr,
tim,
tras,
wel,
Eff,
ural,
double,
Utilities,
align=middle,
groups,
probably,
Password,
emails,
Fare,
cheaper,
markets.,
Bush,
NIGHT,
Operations,
button,
haven't,
participate,
looks,
USA,
entered,
problems,
Copyright,
projects,
Huifeng,
potential,
messages,
Chicago,
Systems,
Wor,
hin,
hou,
ppin,
shi,
Stanley,
written,
college,
store,
>Date:,
announced,
Come,
cellpadding=0,
<b>Now,
Package:,
reg,
Breaking,
smtpd,
respect,
transfer,
Home,
activities,
Interview,
original,
together,
inches,
pass,
traders,
Payable,
hot,
Fireworks,
Hedge,
pack,
benefits,
Chairman,
analysis.,
pipeline,
Note:,
along,
Notes,
vAlign=center,
charges,
"Buchanan,
?$B"!"!"!?(B,
RTOs,
ECTstSW,
specific,
placed,
Board,
CPUC,
completely,
proposed,
ISDA,
therefore,
generation,
Rod,
night.,
Million,
foreign,
bonus,
partner,
Hunter,
training,
Once,
selection,
God,
SAVE,
we'll,
EPMI,
regulatory,
Jame's,
Oasis,
Department,
claims,
Journal,
season,
Levitra,
subscribed,
*&nbsp;&nbsp;,
rowSpan=2,
cd),
Doug",
"forward,
Domain,
as:,
up.,
color:,
"Scott,
winning,
exclusive,
Bankruptcy,
address:,
Van,
Law,
Sale,
Rights,
Dreamweaver,
Amanda,
hour,
Cornerstone,
Graphics,
contains,
Letter,
Erik,
SPECIAL,
Rybarski,
Norton,
Assets,
<DIV><STRONG><FONT,
publication,
city,
processes,
men,
BORDER=0,
FERCwatch,
Meet,
Corporate,
Employment,
level,
purchased,
associated,
miles,
Type,
came,
"Erik,
Presto,
Wyndham,
Brochure,
actually,
html,
updates,
loss,
sexual,
subscribers,
=========================,
Issues,
Frazier,
business.,
Andersen,
Strong,
track,
season.,
Douglass,
Loan,
Hot,
Table,
FAFSA,
ICE,
designed,
room,
Edward",
margin-top:,
dollars,
lls),
general,
Wen,
contacts,
develop,
everything,
cum,
galleryimg=3D"no"><br>,
"Dasovich,
""<>,
Content-ID:,
operating,
Broker,
far,
filings,
hearing,
resources,
Tracy,
sources,
five,
Look,
Early,
prefer,
David;,
Help,
L.P.,
Hopewell,
outlook,
Other,
impact,
Caribbean,
again.,
move,
manage,
worked,
seminars,
Amatuer,
Sheraton,
aware,
reservation,
field,
verify,
COLOR:,
NEWS:,
line-height:,
Date,
load,
idea,
Join,
request.,
Book2.xls,
Nov.,
Morel,
ones,
"The,
actual,
understand,
Forward,
Roman,
Use,
Kay,
Carol,
alt="",
Router,
Info,
vacation,
recharge,
Liquids,
FDA,
(iPlanet,
finally,
years.,
Each,
---,
Nancy,
Redmond,
1/2,
appropriate,
house,
discussions,
expenses,
Anderson,
Craig,
Motley,
works,
Browning",
"Therese,
style="MARGIN:,
Safe,
seek,
iBuyit,
filed,
Compensation,
directory,
options,
Lance,
E*TRADE,
Contact(R),
waste,
Haas,
fuel,
reliable,
Could,
video,
Over,
myself,
involve,
Lake,
exercise,
evening,
addition,
Competition,
secure,
Works,
Today,
assets,
PAA,
Allen,
Theresa,
Vice,
"Gang,
shipped,
prize,
<tr><td><img,
Post,
W.-,
missing,
Analyst,
wholesale,
(Houston),
reach,
learned....,
similar,
seen,
Howard,
ahead,
Henwood,
Lavorato,
appreciate,
gets,
transactions,
Hope,
SUNFLOWER,
advertisement,
otherwise,
immediately,
Kaufman,
Volatility,
rest,
Jennifer",
balance,
unavailable,
School,
Kent,
Borrett,
Mid-Levels,
0pt;,
Plan,
Jack,
Cartridges,
represent,
him.,
expect,
outside,
Canadian,
Content-Location:,
Adamiak",
go:,
UBSW,
seeing,
"McConnell,
school,
Travel,
thousands,
clear,
re:,
Jay",
valuable,
sheet,
rules,
Eric,
Taylor,
;">,
true=,
price:,
agreements,
financing,
forwarded,
Powder,
Illinois,
couple,
notification,
href=3Dhttp://=,
contacted,
=E8,
Christi,
REQUEST,
approximately,
higher,
checks,
senior,
communication,
Third,
strategies,
compared,
suggested,
largest,
locations,
Horton,
Prescription,
speak,
Talking,
Shelley,
worth,
House,
Netting,
herein,
Creative,
<br><a,
competition,
detailed,
Watson,
Details,
www.energy.ca.gov,
MBA,
Strips,
Regulatory,
Softwares,
according,
focus,
Dealsheet,
PNR,
single,
Sheila,
Rockets,
lose,
Under,
GTC,
calling,
drinks,
Development,
met,
Welcome,
login,
produced,
PSEG,
P0PULAR,
color=1C8DFF><b>my,
color=FF9F9F,
saave,
machine,
Reply,
Pharmacy,
finance,
purpose,
TEXT,
Client,
"Allen,
bar,
Court,
Employees,
Stan,
confirmed,
Larry",
Overhead,
though,
</ul>,
<ul>,
answers,
assist,
DASHes,
apply,
preferences,
[IMAGE],
browser:,
moving,
conflict,
agent,
Career,
newsletters,
call.,
advised,
here.,
Trader,
links,
You'll,
hold,
South,
Penis,
<td><font,
winners,
states,
took,
NETCO,
cubic,
seems,
accounting,
picture,
BREC,
greater,
Aquila,
welcome,
imbalance,
Don,
format=flowed;,
Citation.xls,
region,
option,
base,
Emerson,
Notification,
curves,
record,
(EDT),
acceptance,
Fenner,
E-mail,
percent,
identify,
description,
width="5",
morning.,
areas,
ARE,
Logistics,
feet,
that's,
POWER,
\(E-mail,
Fax,
post,
test,
Princeton,
appear,
law,
ALL,
E-Mail,
offices,
Index,
Next,
good.,
expansion,
comprehensive,
Sales,
drug,
in-depth,
Dow,
width=3D"6=,
T.",
align="right"><font,
seconds,
Shows,
include:,
Products,
above.,
bgcolor="#FFFFFF",
June,
agreement.,
equalaMAIL,
advertising,
teens,
variety,
Cooper,
(E-mail),
Diego,
wire,
align=center>,
girls,
Robert;,
Net,
CEO,
Atlanta,
Hayslett,
Capacity,
executed,
today!,
WMS,
west,
jpg&viewonly=3DY",
located,
proven,
Intelligence,
Here's,
Sheet,
style="FONT-SIZE:,
ONLY,
offered,
downtown,
email:,
Shop,
Parks",
words,
hotel,
near,
Mortgage,
federal,
Curve,
Chart,
OATI,
Fuel,
Policy,
simple,
NEWS</a>,
HOTWEBCASH,
Jean,
flights,
Kyle,
student,
Jennifer,
deer,
Morgan,
relationship,
gives,
Sample,
E-Savers,
Element,
unable,
Proposal,
Chet,
FEB,
Arial;,
Shim,
size="2"><span,
capital,
Quarterly,
notice.,
fixed,
|ooking,
Monday.,
Raptor,
derivatives,
THAT,
Activities,
Kimberly,
absolutely,
align=3D"center">,
P.S.,
fast,
notify,
Derivatives,
data.,
payments,
I'd,
worldwide,
skills,
internet,
mean,
increased,
MarketBrowser,
INTERNATIONAL,
Ray,
Transfer,
(no,
EST,
remedy,
Design,
Let's,
applications,
Stock,
pictures,
------,
Chief,
charset="UTF-8",
Payables,
WPTF,
pleased,
Make,
lowest,
issued,
=A1=E9=A1=E9=A1=E9,
inherent,
Contact:,
S.;,
turn,
Park,
Weekend,
Pecos,
delivered,
pages,
Jane,
Bait,
TDS,
</b>,
Roman;,
channels,
CIALIS,
career,
activity,
Bay,
Prozac,
significant,
players,
Fixed,
Enpower,
known,
thru,
EMAIL,
sells,
investors,
titles,
colspan="3">,
Kenneth",
wil|,
Plus,
practice,
Monika,
Changes,
Plans,
Saunders,
index,
font-family:,
resolve,
hand,
attached.,
Pat,
earlier,
guarantee,
</P>,
pain,
crude,
termination,
border="1",
out.,
ship,
Stone,
Action,
protect,
eqn=3D"sum,
<p>&nbsp;</p>,
distribute,
Why,
manual,
positive,
Everything,
Orlando,
color=FCFCFC,
td>,
Heather,
Ontario,
Public,
Sonat,
"Green,
mso-hansi-font-family:,
(phase,
Charles,
pricing,
requests,
Confidentiality,
acquisition,
saw,
Roman"><FONT,
possibly,
Test,
Blair,
father,
recently,
global,
Docket,
Cartier,
Arthur,
GET,
MARKETS,
FERC's,
particular,
children,
Quote,
REPLY,
unique,
j9j,
ENERGY,
WHEEL,
organization,
quarter,
faster,
Question,
throughout,
solutions,
Agreements,
concern,
game.,
cup,
Gift,
affiliated,
deliver,
Enter,
Terry,
bill,
commercial,
asset,
cellspacing=3D"0">,
Transco,
consider,
Who,
Peak,
"><img,
CurrentDeals.xls,
dating,
Pinnacle,
<i><b>Pack,
<li><b>Only,
<li>Generic,
<li>Tadalafil<br>,
dose.<br></b>,
won,
specials,
coal,
template,
whole,
soft,
Research,
Jester],
[Larry,
makes,
weight,
align="justify"><font,
Before,
NCM,
Most,
Planning,
community,
documentation,
early,
"may",
OEM,
TCR,
contacting,
"Patricia",
Off-Peak,
kin,
Kathy,
Caminus,
Panda,
brochure,
Anne,
true;">,
Yahoo!?,
needs.,
Johnson,
SPUR-M,
DAY,
"Jeff,
Rock,
success,
PGE,
happened,
handling,
assume,
compliance,
Person?,
Maximum,
Laura,
lang=3D"EN-US",
align="left">,
increases,
Whalley,
Slices,
committee,
reminder,
talked,
ticket,
included!<br><br>,
utility,
materials,
Holly",
COB,
We're,
lets,
turned,
behalf,
estate,
roundtrip,
building,
"remove",
Palmer,
Gerald,
feedback,
Tom,
OUR,
price.,
difference,
Jackson,
charity,
Retention,
Verify,
seem,
Release:,
DVD,
EOGI,
Barry,
released,
sans-serif",
"chad,
knipe",
Club,
enable,
Andy",
Miles,
<b><font,
knows,
WATCH,
tried,
operate,
holding,
deceased,
print,
TXU,
PillS,
Ahead,
Specialist,
Executed,
Thanks!,
language,
Every,
His,
promotions,
merger,
role,
history,
providing,
cards,
Daniel,
entertainment,
Gorte,
education,
control,
exciting,
Days,
Andrew,
Dec.,
Adam,
%REC_WITH;,
lucky,
agreed,
outstanding,
Arnold,
inside,
Markets:,
situation,
FONT-SIZE:,
Bonus,
Number,
concerns,
SRC=3D"http://c=,
act,
remaining,
floor,
registration,
Validation,
woman,
air,
"Baughman,
Stack,
Electricity,
While,
browser,
Keep,
Tycholiz,
students,
Released,
NOW,
Offices,
Operating,
"_blank"><img,
fundamentals,
Moody's,
Continental,
billion,
DATE:,
color,
entity,
Air,
{font-family:,
Murphy,
Delivery,
URGENT,
<p><span,
production.,
(C),
entry,
OBA,
format,
Forster,
HSPACE="0",
VSPACE="0",
Berkeley,
brings,
Oi|,
Paul;,
Page,
Portfolio,
REMOVE,
Announcement,
Investment,
Gary,
category,
serious,
filing,
Pain,
lots,
red,
Search,
actions,
black,
<TD><a,
receipt,
Matt,
industry.,
plants,
LOTTERY,
political,
moment,
Dad,
align="left",
worksheet,
article,
prepare,
instead,
Stephen,
Elliot,
M.;,
Transaction,
Companies,
Voice,
night!,
extremely,
especially,
n0t,
FINANCIAL,
Corp,
Richter,
width=3D=,
----------,
Off,
Hall,
books,
sperm,
individuals,
target=_blank><IMG,
reached,
multiple,
Franck,
Gucci,
*&nbsp;&nbsp;&nbsp;,
Asset,
Capital,
opening,
maybe,
"0",
sessions,
WIDTH=,
height=6><font,
hellooo,
telephone,
others.,
hundred,
Ordering,
clients,
whose,
register,
trouble,
dates,
"Schoppe,
Tammie",
Bob",
determine,
That's,
align=3Dcenter>,
Read,
style="FONT-FAMILY:,
Vince,
estimates,
Doug,
Big,
Mexican,
Alan,
5.2,
traditional,
MPR,
Officer,
highest,
model,
Term,
spend,
settlement,
forward-looking,
Network,
University,
Anthony,
Jeff;,
Resource,
align=3D"left">,
Administration,
Pay,
Union,
ver,
stuff,
announcement,
plain,
"Chet,
Fenner",
buying,
white,
EOTT,
mother,
Narrow"><font,
forms,
Border,
Netco,
seminar,
Knezevich,
Nepco,
VaR,
spreadsheet,
ideas,
OBLIGATION,
Declares,
DPR,
Andy,
Managing,
only.,
calls,
Bushton,
trades,
Technical,
(8.8.8+Sun/SMI-4.1),
directors,
broker,
UNSUBSCRIBE,
system.,
Constantine,
border=3D0></a></TD>,
provider,
gas.,
order.,
(InterScan,
NT);,
VirusWall,
Bunny,
<LI>,
Donna",
FastWeb,
HIV,
profit,
RISK,
face=3D=BB=F5=B1=BC=B8=B2,
Should,
initial,
"Winters,
Ricki",
help?,
DWR,
beginning,
Drugs,
die,
fair,
Form,
net,
<b>*,
proprietary,
Trevor,
Training,
PLANS,
Quark,
Charge,
annual,
SAT,
name/address,
Cal,
Harris,
Demand,
Men,
Midwest,
Show,
Penny,
behind,
days.,
operations,
renewable,
Jason,
opinion,
world.,
sorry,
Hilgert,
yours,
steps,
he=,
Users,
Standard,
shown,
companies.,
sept,
aggressive,
QuickBase,
Government,
NEWS,
readers,
objectives,
Pr0,
Procedures,
reset,
generic,
&amp;,
"Horton,
Stanley",
Football,
helping,
Oxley,
war,
Preliminary,
process.,
Mikhail,
King,
lost,
industrial,
efforts,
news|etter,
wi|l,
border=3D0=,
cellspacing="0">,
details.,
other...,
D.;,
comp,
Lynn,
affect,
Ion,
class,
notified,
competitive,
charts,
Point,
hit,
All-Show,
Inclination,
Little-Substa,
Submitted,
fine,
Shares,
weekend,
Bundle,
Associates,
reduced,
force,
usage,
rock,
licensed,
attending,
paying,
moved,
involved,
Register,
OFF,
gain,
<P><FONT,
Delainey,
service.,
width=,
effort,
Members,
"Martin,
class=MsoNormal,
Impact,
(2),
producing,
requirements,
Looking,
RESULTS,
acquire,
Poston,
forwarding,
clean,
generated,
requires,
Latin,
style="COLOR:,
developed,
Oneok,
"KTF",
lunch,
favorite,
=E2,
Human,
Unit,
color=red,
kept,
Technology,
reserved.,
Trans,
Gulf,
digital,
Senior,
Hub,
fully,
VCSC,
size=4,
Blockbuster,
Love,
Hart,
addresses,
yesterday,
z7wcr,
face,
design,
Already,
Cell:,
common,
Lindberg,
brought,
Dreamwaver,
2\)'",
Black,
SHARP,
upwards,
music,
heart,
proposal,
Fundamental,
day!,
Working,
LOI,
portion,
yards,
Forms,
wishes,
Stewart",
border=3D"0">,
Associate,
Tracy;,
Tammy,
Relations,
4th,
EPNG,
JGossett,
Processes,
SWhite,
SWilson,
Common,
Bar,
Jim],
materially,
invitation,
Sandra,
larger,
communications,
shortly,
Very,
compensation,
example,
<br,
>Sent:,
les,
Ski,
board,
"View,
GTSA,
(c),
thinking,
deve|opment,
accuracy,
Patek,
Philippe,
REPLICA,
PREMIER,
Yap,
stand,
Cobb,
TURMA,
Address,
Exclusive,
insurance,
Imbalance,
2-6,
timing,
massive,
Protest/,
Tags,
Spread,
face="verdana",
fees,
Yes,
Model,
Health,
WOULD,
provisions,
Borland,
connection,
famous,
child,
jpg",
function,
Methane,
message),
Foster,
RISI,
thousand,
=F1,
Brochure:,
hook,
Communications,
relief,
aspects,
WAS,
Michael;,
2):,
managers,
creating,
CIO,
emerging,
EriK,
meeting.,
Safety,
Blvd.,
perfect,
scheduling,
L.;,
VALIGN="TOP">,
Refill,
extended,
parent,
Zone,
Postlethwaite,
Boston,
attempted,
Top,
carefully,
forth,
president,
|June,
parents,
align=center><font,
predictions,
offender,
Wednesday.,
returned,
Leslie,
coverage,
Classmates,
BCF,
Edition,
Francis,
R.",
Casey,
Xenical,
APARTAMENTOS,
consultation,
Dr.,
Nicole,
stated,
need!,
m*g,
eqn=3D"if,
eqn=3D"mid,
extra,
Cameron,
relationships,
TO:,
Hong,
Because,
Tanya,
shot,
voice,
T&D,
more...,
margin-left:,
Linda,
Sean,
prepared,
communicate,
Petro|eum,
tomorrow.,
upcoming,
visit:,
BANK,
Sylvia,
Expansion,
teacher,
Vacations,
car,
loads,
office.,
ALT=3D""></TD>,
solution,
free.,
--><td,
Target,
Strategy,
BEFORE,
leader,
Lottery,
2nd,
joint,
"Jordan,
Confirm,
Weight,
opt-out,
there.,
comments.,
Dividend,
arial,
network,
Tariff,
invest,
"Comnes,
face="verdana,
build,
countries,
<TD></TD></TR>,
=====,
title,
recovery,
Valium,
timely,
Counterparty,
helvetica",
transportation,
Los,
ENRON,
6th,
retrieving,
Associated,
Support,
submit,
loop,
size="4"><a,
setting,
Woods,
Marcus",
bills,
aid,
Independent,
EVERY,
curve,
Engine,
gains,
border=3d'0'><BR><IMG,
strategic,
Sorry,
Daylight,
flight,
Anti-Depressants:,
Celebrex,
Loss:,
Meridia,
Other:,
Paxil,
Propecia,
Relief:,
ANY,
volatility,
team.,
Lowest,
previous,
lead,
Excel,
charset="US-ASCII",
fall,
Kong,
issues.,
COPACABANA,
IPANEMA,
Four,
convenience,
anthrax,
James;,
face=3DGQDD9YEA,
src=3D=,
exactly,
Confirmation,
collateral,
Processing,
employment,
Speculative,
Fawcett,
Lauraan,
primary,
Privacy,
Keiser,
GasMart/Power,
shou|d,
Raton,
overview,
classes,
iStorage,
BIG,
HERE</a>,
"Rabve,
Source,
/></td></tr><tr><td,
Staab",
inc|ude,
der,
work.,
Information:,
reasons,
Retail,
trip,
OIL,
Jeanie,
Diabetes,
Earn,
Living,
months.,
they're,
Moore,
Reminder,
Chinese,
heavy,
<br><br><br>,
Kim",
To:,
"Fenner,
Chet",
Channel/ruling,
ROFR.,
cr's,
jgment,
Win,
Enron.,
Filing,
Peter,
approach,
looked,
size="3",
*&nbsp;&nbsp;&nbsp;&nbsp;,
Slone,
step,
weekend.,
PG&E,
Center:,
<tr><td><a,
width="1",
worry,
Dallas,
Gloria,
customers.,
statement,
lines,
Kari,
Oquinn,
i'm,
e-mail.,
type="checkbox",
techno|ogy,
mark,
easily,
>>>,
(Gasmar),
Gases,
Graneles,
raise,
Whatever,
Murray,
"Zipper,
Banks,
[Pager],
long-term,
follows:,
code,
Mark;,
materia|,
improved,
gave,
SquirrelMail/1.4.3a,
Site,
(in,
al|,
E-mail:,
Vocalscape,
imbalances,
OUT,
available.,
independent,
sharing,
proved,
nearly,
valign="top"><img,
solid,
heigh=,
GTV,
<span,
TAC,
Ask,
Open,
complementary,
notes,
Evans,
auction,
dissolve,
ownership,
Offpk,
Presentation,
Slides,
TPAs,
standards,
valued,
Shopping,
color="#FFFFFF",
decision,
PUC,
distributed,
alt=""></a></td>,
sir,
Two,
Miami,
drop,
fee,
Seattle,
sense,
wi||,
exact,
GJ/d,
Parkway,
US/MMBtu,
Mirant,
later.,
<input,
strong,
Investing,
maintain,
cellpadding="5",
Trailblazer,
tariff,
?$B(#(!($?(J,
size=3><FONT,
Tim;,
area.,
deals.,
revision,
Denver,
TCRs,
Greg;,
Collateral/Netting,
story,
units,
national,
reading,
rate.,
former,
bad,
guy,
Lumber,
SALE,
Ship,
Africa,
estimated,
style="MARGIN-LEFT:,
professionals,
Night,
difficult,
utilities,
system.limedoor.jp,
mailbox,
margin-right:,
properties,
sample,
Answer,
effect,
postal,
till,
MEH,
cds),
stem,
Dawn,
thoughts,
SIZE=2,
consistent,
Bars,
Reserved.,
You're,
Argus,
Units,
do.,
MONEY,
Scheduling,
arrive,
water,
Karen",
tonight.,
Internal,
demand,
sometime,
weekend?,
one.,
planned,
"Rae,
girlfriend,
Earle,
Mom,
recommend,
Panels,
Consulting,
Grigsby,
world's,
PRICE,
structure,
size="2">,
Lokay,
loan,
MEAD_2_WALC,
Renewable,
delays,
candidates,
certificate,
goals,
"Thibodeaux,
press,
Corman,
ALT="",
MMBtu,
encourage,
Dain,
Place,
Either,
align=left><FONT,
Donoho,
TK;,
statements.,
</table></td>,
Participants,
spent,
Khodorkovsky,
protocol,
separate,
there!,
consent,
borde=,
kids,
quote,
dribbled,
Code,
Teresa,
reasonable,
Peter",
lump,
official,
developing,
Teb,
Potential,
Users",
hobby,
ago,
Lohman,
continuing,
Richard;,
off.,
Provisions,
border-bottom-width:0;,
Carl,
"Oh,
What's,
done.,
historical,
eight,
Santa,
Delta,
named,
check.,
letting,
seu,
Diane,
Ann,
color="red",
JEANETTE,
advertisements,
*&nbsp;,
Per,
E-MAIL,
Prentice,
HOW,
X'P,
sur,
carry,
</o:p>,
Congratulations,
believes,
Experian,
IMPORTANT,
nobody,
BundLe,
Joint,
preceding,
Dana,
(Power,
cellpadding=3D0,
Website,
5OO%,
Griffith,
"will",
banking,
drink,
solicitation,
Positioned,
virus,
understood,
McConnell,
blocked,
Needed,
"Energy,
mitch,
fly,
Customers,
bgcolor="#FFF8DC"><FONT,
Gold,
LIST.TRANSMISSION.BPA.GOV,
Senate,
Opportunities,
Cable,
valign="top"><font,
Parks;,
W.;,
CHANGE,
human,
NETCo,
OR...,
remain,
excess,
Starwood,
cities,
Storey,
Flat,
photo,
color=,
workers,
Constantine;,
Nuys,
<param,
button.,
combined,
bo=,
Promotions,
tools,
if",
AT&T,
STATUS,
transition,
COLSPAN=3D2>,
Mainzer,
Hundred,
towards,
EGM,
Directly,
VIAGRA,
vital,
study,
destinations,
town,
Mtg.,
locked,
Wood,
debt,
environmental,
earnings,
minute.,
injury,
Stephen",
covered,
All-Star,
Plasmacluster,
Database,
Control,
.................,
aside,
true,
regional,
teach,
Recent,
six,
Based,
Solutions,
pdf,
Alma",
<option,
Bargain,
LOTTO,
</DIV>,
Tony,
"Brad,
responsibility,
push,
officer,
counterparty,
Sh1pp1ng,
Create,
Kroum,
PCSNA,
<DIV></DIV>&gt;*,
SO2,
Alert,
owners,
Vacation,
5.0.8,
NOW!,
publications,
wrote:,
{font-size:9pt;,
living,
Compression,
Mike;,
Southern,
Bulk,
Europe.,
Sharon,
Ink,
place.,
align=center><FONT,
creditors,
Trip,
we're,
Dating,
terminate,
recommended,
>the,
minimum,
"Hodge,
basis.,
follows,
Ryan,
technical,
Sunfinder,
USGT,
Volumes,
credit?,
ONLINE,
Paula,
tracking,
presched,
Station,
incentives,
Lotus,
Now!,
medium,
"Reeves,
Vanessa,
<o:p>,
personnel,
Consolidated,
_________,
>and,
Rebecca,
Personal,
Wish,
"Christina,
R-C",
stories,
established,
chad,
Shemin,
(including,
Prepay,
promise,
movies,
mergers,
Number:,
hedge,
"Bruce,
NNFMP;,
X-eGroups-Return:,
checking,
participant,
USERS,
Although,
Rules,
Investor's,
</div></td>,
Charles",
Responses,
recipients,
manager,
Corrier",
infrastructure,
http://sexy-shot.jp/?i=1,
>-----Original,
interconnect,
Want,
web-based,
what's,
grow,
rooms,
Longview,
(WYSK),
isn't,
align=3D"left">&nbsp;,
Enterprise,
CAPACITY,
a||,
date.,
Ad-Aware,
stock.,
deleted,
break,
afternoon,
Germany,
valign=3D"top",
Kelly",
blue"><FONT,
SOFTWARE,
equity,
Toner,
Sensitivity:,
owned,
OASIS,
counsel,
Joseph",
trading.,
"Rice,
catch,
=3D"",
ALT=,
Expedia,
Bund|e,
CERS,
Dinner,
announce,
acquired,
target=3D_blank=,
bought,
future.,
produce,
freeware,
reviewed,
execute,
award,
EDGAR,
average,
instructions,
Alert!,
helpful,
Winners,
http://www.e-gal.tv/,
Intuit,
obtained,
leases,
Agreement.,
organizations,
interactive,
Campos,
shift,
shareware,
transactions.,
officials,
<p><b>,
automated,
forecast,
gifts,
Xanax,
Future,
Primary,
Applications,
Katie,
<style>,
Protocol,
Issue,
merchant,
rating,
door,
Vocalscape's,
screen,
learning,
we've,
Stephanie;,
round,
wind,
himself,
progress,
requiring,
TNP,
Publishing,
hundreds,
trademarks,
Lokey,
FACE="Arial,
Helvetica"><FONT,
{font-size:,
X.P,
twice,
pub|isher,
unless,
Emissions,
themselves,
face=3D"Arial",
"Black,
department,
Part,
Omaha,
Phoenix,
application.,
lottery,
millions,
shop,
Commercial,
Enserco,
features,
</FONT></SPAN></LI>,
achieve,
Warburg,
usually,
vs.,
cancel,
mission,
dollar,
(this,
Maya,
booked,
Special!,
Panus,
techniques,
Community
