$$$,
XXX,
ad,
affordable,
apply,
auto,
bankruptcy,
bargain,
best,
bonus,
buy,
cable,
call,
cancel,
card,
cash,
cell,
certified,
cheap,
check,
clearance,
click,
collect,
congratulation,
credit,
cure,
dvd,
diet,
discount,
earn,
easy,
employment,
explode,
extra,
financial,
foreclosure,
free,
freedom,
gift,
giving,
god,
gold,
guaranteed,
hidden,
important,
income,
increase,
incredible,
instant,
insurance,
investment,
job,
join,
kind,
leave,
life,
loan,
long,
lose,
lottery,
lowest,
mlm,
mail,
main,
maintained,
make,
marketing,
medicine,
meet,
member,
message,
million,
miracle,
money,
month,
never,
new,
nigerian,
spam,
now,
numbers,
obligation,
off,
offer,
once,
one,
only,
open,
opportunity,
opt,
order,
organization,
outstanding,
partner,
password,
percent,
perpetual,
personal,
phone,
please,
potential,
pre-approved,
presently,
price,
prices,
print,
priority,
prize,
profit,
pure,
quote,
rate,
real,
removal,
remove,
requires,
reserve,
reverse,
risk,
sale,
sample,
satis,
save,
score,
search,
section,
serious,
shop,
sign,
sincere,
solution,
stock,
stop,
subject,
subscribe,
success,
supplies,
take,
teen,
term,
time,
traffic,
trial,
undisclosed,
unlimited,
unsecured,
unsolicited,
unsubscribe,
urge,
vacation,
valium,
viagra,
vicodin,
sex,
visit,
marketing,
paid,
password,
pay,
penis,
pharmacy,
phone,
seen,
selected,
selling,
sent,
sex,
vagina,
values,
waiting,
wank,
winner,
win,
dollars
